itemID,rating_sum,rating_count,lastip
2571,8,2,151.62.31.32
2054,40,10,45.91.20.77
1865,116,33,62.19.120.249
1516,10,4,5.169.93.218
2612,11,3,151.47.173.39
2622,81,24,79.16.141.149
2606,19,4,5.169.17.209
2617,5,1,151.62.28.76
2307,3,1,151.62.28.76
2426,2,1,151.62.28.76
2425,4,1,151.62.28.76
1816,5,1,151.62.28.76
1818,4,1,151.62.28.76
1490,24,6,5.90.202.247
2123,4,1,151.62.31.32
1775,4,1,151.62.31.32
2119,4,1,151.62.31.32
1699,5,1,151.62.31.32
1779,279,73,188.114.103.229
1539,5,1,151.62.31.32
1523,5,3,37.162.163.254
2204,10,2,151.62.136.134
2106,2,1,151.62.31.32
2101,3,1,151.62.31.32
1768,4,1,151.62.31.32
1836,3,1,151.62.31.32
1973,20,4,151.62.136.134
2127,4,1,151.62.31.32
1534,10,2,109.114.6.113
2129,4,1,151.62.31.32
2619,4,1,151.62.31.32
2637,12,3,194.105.50.26
2568,5,1,151.62.31.32
1731,4,1,151.62.31.32
2128,5,1,151.62.31.32
2626,36,8,93.37.210.131
1550,46,11,82.61.201.67
1785,5,1,151.62.31.32
1773,9,2,94.35.35.188
1843,16,4,82.52.61.242
2574,1,1,151.62.31.32
2616,9,2,87.3.76.222
2423,4,1,151.62.31.32
1631,10,2,151.62.31.32
2296,5,1,151.62.31.32
2573,6,2,41.92.209.18
2109,4,1,151.62.31.32
2154,4,1,151.62.31.32
1807,4,1,151.62.31.32
1686,14,3,79.21.30.211
2236,6,3,93.42.33.137
2605,10,2,95.243.200.153
2173,5,1,151.62.31.32
2565,23,5,95.232.238.193
2299,8,3,93.186.23.82
2424,4,1,151.62.31.32
2174,3,1,151.62.31.32
2176,5,1,151.62.31.32
2556,4,1,151.62.31.32
2558,5,1,151.62.31.32
2163,5,1,151.62.31.32
1994,10,2,94.37.7.203
2068,9,2,91.252.100.241
1758,36,8,"3.126.25.160"
1532,26,9,93.65.5.85
2547,15,3,151.62.158.73
2548,5,1,151.62.31.32
1930,5,1,151.62.31.32
2165,1,1,151.62.31.32
1935,4,1,151.62.31.32
1931,5,1,151.62.31.32
2466,25,6,195.14.102.8
2187,4,1,151.62.31.32
2091,10,2,151.62.132.169
1695,6,2,151.62.137.223
2636,24,7,109.52.177.97
2655,12,3,91.252.190.26
2653,10,2,151.41.149.163
2644,5,1,194.105.50.26
2633,8,2,188.95.23.233
2514,9,2,"195.62.161.210"
1956,1,1,37.182.223.94
1522,10,2,79.44.187.114
2239,66,14,90.24.139.105
2649,14,3,35.180.37.1
1756,10,2,87.15.131.69
2420,5,1,151.62.31.32
1632,10,2,151.62.31.32
1984,5,1,151.62.31.32
1574,12,3,87.1.229.216
2527,8,2,151.62.31.32
1813,4,1,151.62.31.32
2544,15,4,"88.147.26.200"
2408,81,18,5.94.48.28
2405,5,1,"151.62.143.160"
2541,5,1,"151.62.143.160"
1915,14,3,78.134.93.92
2392,2,1,"151.62.143.160"
2379,5,1,"151.62.143.160"
1912,12,4,151.36.13.153
2364,5,1,"151.62.143.160"
2535,9,2,151.62.149.29
1918,131,36,31.0.43.75
2661,9,3,"93.148.222.250"
2388,5,1,2.35.114.137
1830,43,9,2.39.236.37
2669,30,6,82.85.114.23
2645,5,1,"58.137.121.130"
2648,5,1,128.45.60.241
2678,5,1,"58.137.121.130"
1702,10,2,93.33.231.179
1827,28,7,176.201.249.153
2600,20,4,15.188.63.229
1556,18,5,101.56.40.148
1751,17,5,5.90.221.46
2620,27,6,95.210.104.75
2167,10,2,79.51.105.238
1982,8,2,151.62.149.29
2695,30,6,151.62.34.174
1960,25,6,79.58.145.214
2463,5,1,151.62.157.76
2700,5,1,212.46.171.21
2704,5,1,82.58.44.16
1561,5,1,151.62.149.29
2705,10,2,188.217.226.28
1526,39,11,5.169.0.192
2451,14,5,87.21.228.186
2698,4,1,"87.14.104.40"
2722,10,2,109.52.10.234
1735,24,7,"93.55.123.250"
1833,29,6,2.36.195.6
2912,4,1,93.36.98.142
2684,13,3,93.65.142.127
2736,16,4,151.42.243.223
2742,71,16,37.160.33.85
2734,8,2,87.15.48.191
1762,22,5,5.90.149.227
1891,22,6,93.45.188.94
2157,2,1,213.243.194.243
1799,1,1,"82.226.95.190"
2748,13,3,185.63.133.74
2753,4,1,37.159.146.178
2692,34,10,80.180.110.102
2761,82,22,"162.158.129.160"
2770,9,2,79.16.202.172
2774,5,1,"200.62.8.50"
1698,28,6,194.184.55.161
2673,5,1,94.39.14.96
1507,5,1,123.3.114.104
2778,6,2,93.62.18.168
1741,4,1,93.65.52.251
2784,9,2,31.157.57.67
1732,5,1,89.97.198.196
2050,31,8,37.162.29.254
1521,42,12,95.248.31.126
2685,15,4,5.90.162.206
2792,15,3,217.203.149.64
1543,5,1,77.72.197.72
2796,10,2,"95.244.38.180"
2779,8,2,87.26.29.138
2785,4,1,79.16.104.181
1557,20,6,18.157.105.182
1903,10,2,"146.241.55.170"
1913,37,9,18.157.105.182
2803,4,1,87.30.81.136
1910,6,2,87.4.32.6
2810,10,2,213.45.50.198
2085,4,1,151.67.114.6
2819,4,1,91.252.28.206
1541,10,2,18.197.153.146
2821,7,2,2.230.209.102
2805,4,1,"188.9.137.200"
2701,4,1,"188.9.137.200"
2811,5,1,"188.9.137.200"
2813,5,1,"188.9.137.200"
2829,5,1,95.251.44.129
2828,8,2,146.133.155.242
2825,25,5,93.34.80.132
2817,2,1,85.84.232.203
2528,20,4,93.34.81.181
2170,10,2,5.90.37.129
2712,1,1,93.58.41.75
2836,14,3,95.239.144.192
2837,5,1,194.176.126.235
2843,17,5,5.90.0.76
2840,4,1,95.246.160.167
1560,18,5,91.253.58.126
1877,9,2,91.253.229.51
2533,9,2,"58.137.121.130"
2835,13,3,95.235.72.3
2488,5,1,95.74.252.209
2747,29,9,5.90.46.8
2863,10,2,151.36.158.235
2807,5,1,217.36.66.54
2868,15,4,151.62.50.201
2872,9,2,"85.115.58.180"
2875,13,3,79.10.201.106
2726,947,240,18.157.105.182
2301,9,3,93.186.23.82
2880,5,1,195.62.187.164
2879,4,1,2.230.209.102
2873,5,1,2.230.209.102
2820,11,3,151.62.64.34
2895,15,3,5.169.26.227
2671,12,4,146.241.34.21
2595,11,4,"93.34.83.180"
2900,5,1,151.96.3.241
2901,4,1,93.36.101.68
2904,9,2,151.62.149.22
1520,5,1,94.161.143.237
2905,5,1,2.37.144.237
2793,15,4,176.46.222.17
2908,4,1,80.207.39.102
1881,115,29,"172.68.198.170"
2047,5,1,109.52.35.183
1554,17,5,93.66.229.123
2910,11,3,217.200.201.94
2911,5,1,79.54.51.164
2885,5,1,93.71.78.254
2008,9,2,79.33.83.51
1919,40,12,134.0.1.133
2587,8,2,5.90.35.237
2915,4,1,93.36.96.48
1838,27,8,"93.66.230.160"
2186,11,3,37.160.128.24
2922,47,12,79.16.126.2
283,6,2,"2.231.245.70"
2017,10,3,84.222.208.29
2827,23,6,91.253.150.179
2241,23,5,18.196.174.83
1879,15,5,5.90.206.197
2923,27,6,"188.152.212.130"
1951,5,1,"88.47.53.60"
2918,4,2,79.16.121.41
2862,11,3,94.162.101.139
2929,15,3,78.7.178.242
2914,2,1,83.224.69.141
2940,4,1,176.206.44.207
2943,5,1,93.62.245.44
2953,5,1,93.56.198.201
1528,21,8,"78.45.90.230"
2954,8,2,91.253.31.145
2956,5,1,93.36.213.4
2479,9,2,109.115.189.153
2114,5,1,91.252.62.5
2801,160,45,185.11.195.147
2977,30,6,79.50.154.145
2120,32,9,188.75.172.7
2845,5,1,217.200.185.208
2971,4,1,217.200.200.251
2983,15,3,79.28.112.111
2603,5,1,"58.137.121.130"
2949,10,2,151.18.131.56
2933,5,1,217.203.146.248
2944,10,2,93.147.2.11
2984,10,2,"151.62.50.240"
2942,30,8,"151.33.157.70"
2974,29,8,79.20.234.238
2987,15,3,2.192.82.66
1553,18,4,151.46.65.149
1900,17,7,146.241.170.104
2246,44,11,79.52.132.85
1787,33,9,91.252.104.177
2993,241,66,18.157.131.187
2998,21,5,109.237.174.166
2809,119,32,151.36.8.142
1831,5,1,151.19.126.174
3008,17,5,194.116.113.112
2936,42,10,18.157.131.187
2926,9,2,87.4.115.176
1694,5,1,109.115.215.252
3018,5,1,212.14.140.2
2253,5,1,212.14.140.2
2107,44,14,95.74.196.195
3021,4,1,79.27.122.234
3030,4,1,79.1.211.212
3019,4,1,93.36.112.202
3038,5,1,85.34.55.219
2328,5,1,2.40.116.2
2183,11,3,93.144.18.54
2149,23,5,212.39.11.25
3049,13,3,92.239.115.187
2227,6,3,213.205.251.235
2847,22,6,"3.126.25.160"
2444,5,1,82.51.22.8
2134,15,4,87.10.39.68
3047,5,1,217.200.185.27
3000,55,12,5.95.155.148
3076,36,8,"79.55.154.80"
3069,34,10,151.38.97.19
2290,19,6,151.34.41.132
3062,7,2,87.1.126.74
2861,100,27,93.66.96.167
3073,1,1,95.252.187.48
3088,9,2,5.90.11.62
3075,32,7,"109.104.246.130"
2590,4,1,173.245.53.167
1959,2,1,108.162.229.157
1544,6,2,95.233.92.238
3091,5,1,188.218.16.64
2776,10,4,35.159.22.98
3106,36,8,5.90.10.136
1734,10,2,195.158.93.19
1733,10,2,80.180.110.102
2728,100,24,151.95.108.193
1884,7,2,151.62.72.184
3097,5,1,95.244.189.43
3129,5,1,"151.41.155.200"
3134,10,2,"5.90.68.210"
3120,4,1,88.149.178.108
2604,41,10,82.50.46.161
2672,5,1,37.119.230.192
3138,5,2,151.65.201.47
3066,5,1,151.44.229.147
2902,13,3,188.152.121.27
3150,5,1,151.46.71.99
3133,5,1,82.52.43.132
3037,3,1,5.87.221.199
3117,47,13,87.15.128.67
3146,160,43,"162.158.129.150"
3156,5,1,79.33.207.154
3172,76,19,62.19.20.11
3078,5,1,217.200.202.36
2652,26,7,18.157.105.182
3151,10,2,93.66.96.167
3186,3,1,151.32.229.141
3166,28,6,79.24.234.85
3013,5,1,178.223.28.94
3189,5,1,2.39.91.207
3095,19,5,151.29.8.125
3122,55,13,80.117.54.173
3198,58,14,35.180.173.232
2632,21,5,78.14.224.36
3201,6,2,195.62.187.106
3200,5,1,151.46.177.157
3202,15,3,82.51.66.238
2304,5,1,94.167.181.205
3203,5,1,37.227.216.3
3039,67,20,217.112.98.137
3212,4,1,"93.36.97.110"
2979,42,12,93.36.163.167
3217,5,1,"151.62.146.40"
3224,4,2,217.200.199.19
3158,5,1,151.62.12.206
3221,10,2,89.190.166.137
3218,5,1,149.71.150.192
3206,15,3,194.230.159.184
2071,55,12,"151.82.189.170"
2818,10,3,"3.126.25.160"
2212,2,1,79.1.135.217
3232,14,3,188.240.44.238
3174,16,4,79.55.41.98
3234,6,2,151.18.218.29
2947,21,6,37.160.9.55
2874,8,2,5.90.170.135
3238,18,4,93.34.145.234
3240,10,2,2.40.45.219
3243,104,32,"46.226.50.230"
1902,15,3,93.44.81.15
2741,22,5,194.32.173.7
3248,5,1,79.30.252.22
2763,28,8,5.90.77.156
1821,5,1,2.237.131.129
3267,5,1,5.96.132.77
3270,5,1,87.0.50.78
3264,10,2,5.90.0.145
3225,7,3,2.40.120.145
3242,5,1,"93.66.238.220"
3273,6,2,217.200.202.149
3029,24,7,79.20.120.216
2826,29,8,193.207.232.222
1825,17,5,91.80.4.12
3279,10,2,95.252.220.72
3276,9,3,"95.81.108.200"
2767,9,2,91.141.38.15
2689,32,8,"5.170.121.30"
3163,5,1,109.113.109.151
3285,5,1,95.252.220.72
3289,22,5,93.34.81.181
2075,11,3,"87.27.165.230"
1749,10,2,88.149.197.68
2602,25,6,91.252.3.107
3299,10,2,176.240.13.247
2822,4,1,188.10.252.85
4369,6,2,146.241.6.11
2567,9,2,93.36.211.104
3102,25,8,80.182.69.34
3293,25,6,188.11.241.238
2921,5,1,188.218.248.119
3281,5,1,89.96.187.49
1839,16,4,82.61.201.67
3309,15,3,151.95.59.69
3286,37,8,151.32.220.101
3326,21,5,"151.44.63.170"
3010,44,10,93.45.144.131
3323,24,5,87.6.200.159
3035,13,5,109.118.68.138
3342,11,3,2.32.58.2
1872,26,7,95.74.23.151
3320,10,2,82.48.188.34
3330,5,1,79.11.235.43
3325,5,1,79.11.235.43
1898,25,8,213.21.185.122
3335,14,4,146.241.184.152
3236,3,1,94.92.135.146
2006,6,2,151.18.3.105
3347,55,13,37.159.118.46
2116,10,3,"151.62.43.10"
3350,5,1,87.1.20.227
3352,5,1,95.233.233.138
3336,10,2,93.34.80.132
3355,4,2,79.17.217.252
1745,15,3,83.236.157.98
3363,6,2,185.59.132.54
3356,54,12,193.206.16.22
3365,5,1,79.31.104.167
3372,57,14,77.39.168.206
3375,16,4,94.34.136.212
1808,229,59,"3.126.25.160"
3278,63,16,87.2.35.117
3385,10,2,94.34.136.212
1887,3,1,95.243.119.246
3344,36,9,151.51.16.104
2160,26,7,114.124.37.227
3378,8,2,46.226.205.242
3081,17,4,5.90.86.78
3302,10,2,5.90.10.52
3885,4,1,93.147.21.103
1786,9,3,2.38.226.201
3388,7,2,"5.90.178.120"
1856,35,9,151.57.237.171
3409,28,6,"80.180.138.250"
3411,34,8,79.22.6.97
3168,22,7,109.115.211.6
3084,48,11,18.185.144.196
3403,30,8,172.71.114.104
3111,68,19,80.94.124.51
3417,26,6,176.12.107.132
2832,15,5,"37.160.76.160"
3415,20,5,"151.19.132.240"
3418,4,2,101.171.170.146
3087,5,1,93.147.210.144
3422,9,2,"195.62.160.60"
3421,9,2,217.200.202.124
3182,53,13,37.162.214.46
1780,78,25,95.74.5.125
3033,22,6,151.44.73.5
3430,5,1,93.56.56.103
3426,15,3,82.61.133.174
3031,5,1,93.38.95.239
2860,5,1,93.38.95.239
3427,10,2,93.33.9.17
3412,3,1,82.51.19.26
3407,57,16,5.91.112.101
3064,5,1,79.25.106.44
3444,5,1,2.232.106.8
3429,64,14,93.34.81.181
3389,5,1,151.15.105.169
3442,32,8,37.163.50.124
3882,10,2,93.34.81.181
2881,22,6,79.51.138.97
3488,10,2,155.185.119.87
2878,3,1,"151.67.249.90"
3453,19,4,82.106.116.116
3455,23,5,93.36.48.109
3254,12,3,151.18.109.55
3460,5,2,94.39.145.63
3463,149,50,"3.126.25.160"
3155,14,4,"3.126.25.160"
3467,97,25,35.158.108.71
3419,28,6,87.8.238.99
3458,31,9,94.54.8.114
3462,26,7,18.157.105.182
3381,13,3,"89.97.69.100"
3147,55,13,93.34.80.132
3420,97,25,176.206.181.131
3479,64,15,"5.90.138.160"
3482,102,26,193.207.217.25
3332,4,1,46.227.1.19
3486,17,4,"77.244.176.130"
3413,17,6,82.58.235.246
1901,9,2,93.34.118.176
3471,4,1,"82.54.168.240"
3099,29,9,"151.20.151.20"
3494,19,5,93.34.80.132
3500,30,7,"151.31.196.20"
3173,10,2,80.180.211.194
3496,10,2,95.241.142.123
1518,9,2,185.96.22.116
3507,24,6,5.90.99.226
2909,12,3,5.90.50.116
3524,34,9,94.17.37.95
1882,9,2,82.59.212.87
3511,5,1,82.59.140.192
2082,92,26,95.168.116.41
3349,57,14,151.31.22.106
3376,64,18,87.4.55.64
1795,7,3,151.34.71.199
3508,5,2,62.18.88.41
3527,12,3,"93.51.234.210"
3523,7,2,87.2.22.222
3557,26,6,"3.126.25.160"
2523,3,2,194.105.50.17
3526,14,4,91.253.32.79
3529,9,2,95.236.247.177
3003,23,5,151.34.209.183
3510,16,4,151.82.240.177
1832,14,3,79.51.130.164
1797,9,2,213.82.91.94
3571,15,3,95.249.111.221
3395,22,6,146.241.185.54
3530,5,1,151.19.21.136
2666,15,4,"3.126.25.160"
3537,18,4,151.50.24.13
3535,17,4,"151.34.4.30"
3295,20,4,93.34.81.181
3227,37,10,95.74.70.181
3490,154,45,"3.126.25.160"
3542,14,4,88.147.50.51
3545,77,21,88.147.30.81
2591,5,1,80.181.93.149
3399,9,2,37.176.1.35
3549,22,5,217.72.87.139
1834,5,1,151.46.210.133
1774,6,2,82.48.54.49
3544,48,11,185.47.99.253
2691,4,1,87.7.126.46
3576,10,2,79.50.109.232
1904,31,8,151.62.206.65
2072,14,3,185.48.52.48
3556,18,4,93.34.81.181
3532,21,6,31.14.43.168
2718,5,1,193.77.237.64
1889,24,6,37.159.19.211
3569,5,1,"85.43.203.50"
2752,25,5,212.14.140.2
3850,24,6,5.91.244.85
3582,43,10,95.229.228.208
3209,4,1,130.25.213.57
3583,5,1,"87.14.189.250"
3585,19,5,5.91.27.196
3567,37,10,18.157.131.187
3584,3,2,2.234.29.152
3086,1,1,"82.55.224.140"
2659,34,8,93.50.126.214
3590,55,15,37.161.164.253
3589,5,1,104.237.91.124
3598,5,1,193.171.69.65
3780,4,1,5.90.74.118
3604,15,3,3.121.212.238
3581,5,1,5.168.209.192
2117,4,1,95.246.133.47
3608,8,2,136.173.162.144
3607,14,4,"91.252.158.80"
3024,12,3,217.57.132.251
3565,4,1,93.48.98.116
3107,10,2,"5.90.141.110"
3615,37,9,87.21.244.194
3492,93,26,5.90.71.246
3609,5,1,93.148.119.131
3451,62,17,91.253.182.74
3622,5,1,151.55.12.27
3504,5,1,"5.170.155.150"
3621,3,1,93.34.152.22
3579,5,1,62.97.2.33
3058,24,10,2.34.158.37
2529,7,2,93.38.241.85
2980,5,1,151.66.198.172
3380,10,2,178.249.207.65
3605,10,2,"79.42.253.180"
3522,4,1,62.19.41.248
3443,8,2,79.36.92.87
1895,10,4,"91.187.197.250"
3509,60,16,62.19.134.199
3629,15,3,217.72.87.139
3505,10,2,5.89.201.153
3919,24,6,91.253.66.181
3577,5,1,151.19.57.2
3620,8,2,"88.59.67.60"
3632,30,6,93.145.12.25
3456,20,5,18.185.41.89
3617,19,4,66.249.93.94
3642,43,9,5.90.12.91
3638,18,5,146.241.159.47
1857,21,6,37.162.168.112
3574,16,4,93.71.163.228
3643,9,2,"5.86.15.90"
3649,2,1,91.253.79.98
3614,45,10,151.38.188.72
3552,5,1,93.146.139.17
1766,5,1,193.227.215.155
3648,3,1,5.87.1.73
2443,5,1,195.225.189.9
2110,8,2,"151.62.43.10"
3449,32,8,"3.126.25.160"
3637,5,1,79.145.34.51
3653,18,4,93.66.77.212
3664,14,3,79.54.78.128
3312,19,4,79.25.239.102
2937,6,2,79.42.51.132
1823,3,1,188.218.220.49
3659,18,5,5.179.139.61
3663,24,5,37.160.160.4
3676,40,10,81.243.170.102
2099,32,10,93.35.165.72
3674,36,10,93.41.33.201
3683,20,5,87.9.31.237
3665,19,5,62.19.126.36
2081,10,2,"80.180.138.250"
3391,28,7,176.206.158.93
3096,10,2,5.170.115.1
3485,59,16,158.148.94.225
2007,6,2,187.217.112.178
3402,6,2,146.241.169.139
1837,1,1,78.6.39.201
3528,56,15,93.41.60.232
3141,12,3,79.41.142.132
2132,5,1,95.241.206.247
3687,13,3,2.234.29.152
3688,5,1,87.2.232.167
3686,5,1,87.2.232.167
3678,5,1,93.32.70.47
1909,5,1,79.21.26.79
2930,15,3,79.26.178.103
3692,5,1,212.91.91.106
3689,5,1,93.38.13.1
3691,17,4,79.138.130.173
3694,17,5,88.147.58.142
3180,11,3,"3.126.25.160"
2931,15,4,144.178.9.32
2654,178,43,87.1.61.154
3698,18,4,79.16.189.227
2869,23,9,15.236.165.82
3517,11,3,146.241.220.194
3700,5,1,95.247.18.121
1888,4,1,"95.246.225.220"
3416,12,3,"79.60.106.150"
3662,5,1,95.232.137.119
3703,90,25,37.160.119.107
3702,38,10,62.18.242.135
2886,7,2,5.168.129.52
1817,15,4,146.241.220.194
3856,12,3,176.201.170.13
3675,5,1,78.134.126.103
3701,14,3,151.62.2.192
3710,6,2,"95.233.47.200"
3719,5,1,"78.134.101.160"
3715,36,11,151.38.191.68
1571,10,3,37.161.53.51
3733,17,4,80.180.110.148
2087,33,7,79.21.42.122
2610,13,3,62.19.169.191
3735,10,2,62.18.250.45
3359,19,5,49.236.10.124
2864,4,1,"151.30.113.210"
1916,24,6,172.71.114.168
3730,9,2,88.149.163.37
2668,10,3,5.170.69.163
3741,9,2,79.41.96.18
3743,11,4,2.39.37.181
3737,3,1,93.66.130.225
3746,208,57,172.71.114.136
3748,15,5,93.45.81.61
3625,16,4,95.244.163.96
2764,35,10,88.62.32.68
3784,12,3,84.222.87.168
2066,69,17,172.71.114.104
3752,33,7,2.38.10.204
3750,5,1,151.31.163.78
3757,11,3,79.25.97.36
3755,55,13,185.241.145.163
3756,16,4,93.34.233.179
3751,7,2,37.161.29.139
3759,20,4,151.18.27.158
3754,5,1,"5.170.72.120"
3767,36,9,176.245.92.56
3723,54,14,172.70.54.64
3744,10,2,5.157.127.15
2831,5,1,31.159.153.36
4276,14,5,151.50.82.83
3768,97,26,172.71.114.136
3770,5,1,87.0.201.215
3738,5,1,200.170.113.26
3771,7,2,79.40.31.234
3450,29,7,151.38.162.143
3775,40,9,62.11.179.31
3774,13,3,37.161.1.198
3268,5,1,79.59.60.26
3779,19,5,79.56.109.64
3773,43,11,101.56.223.207
3778,38,9,93.41.0.66
1570,5,1,88.62.41.243
3785,31,7,95.244.109.247
3681,103,26,37.159.121.84
3772,23,7,87.5.88.166
3734,5,1,78.12.100.222
2635,5,1,93.39.131.62
3493,3,1,95.241.209.251
3788,40,11,35.180.0.59
3822,42,13,5.169.254.92
3696,4,1,"87.3.51.160"
3749,16,4,85.38.89.94
3791,9,3,5.90.46.209
3438,15,4,37.162.34.206
3575,19,5,109.118.123.65
3697,70,18,77.32.113.107
3794,16,4,80.180.110.102
1869,7,2,87.14.108.245
3446,13,3,2.36.103.15
3803,5,1,37.116.116.132
3801,5,1,37.116.116.132
3806,42,10,109.53.4.191
2750,3,1,2.156.41.72
3704,35,8,"85.34.95.130"
3820,31,7,195.76.232.154
3819,50,11,79.25.36.28
3821,75,22,79.35.189.239
3732,38,9,87.0.41.235
3890,13,4,151.34.170.88
3828,11,3,95.245.200.82
2086,9,2,"93.61.57.140"
3196,26,7,"193.207.197.220"
3745,21,5,93.41.2.17
2738,3,1,78.12.101.201
3539,13,3,79.24.160.111
3830,5,1,5.90.100.69
3813,5,1,79.20.104.129
3647,84,21,"3.126.25.160"
1765,10,2,95.246.45.114
1970,9,3,91.253.31.64
3869,17,4,181.21.130.165
3827,30,7,2.197.246.69
3739,4,1,151.38.15.101
3810,49,13,172.71.114.136
1880,11,4,37.161.58.121
3835,14,4,79.34.240.223
3840,14,3,"77.246.5.10"
1871,5,1,151.43.84.82
3836,33,8,62.211.168.211
3841,5,1,79.55.93.122
3611,256,75,15.236.137.228
3705,5,1,93.41.72.251
1896,10,3,77.32.6.3
3843,98,23,"5.90.39.30"
3846,4,1,79.61.0.236
3454,20,6,"95.235.178.110"
3849,3,1,5.170.124.199
3957,5,1,62.18.255.253
3852,5,1,93.32.77.221
3855,18,6,94.160.161.49
3857,54,12,146.241.61.236
1696,5,1,91.253.13.104
2948,4,1,5.91.120.194
3639,3,1,5.90.187.119
3871,75,18,37.162.43.246
3586,2,1,93.57.243.143
3848,23,6,128.116.221.199
3875,25,6,151.46.63.139
3867,13,3,93.34.81.181
1969,5,1,78.192.142.149
2495,1,1,82.145.220.168
3012,15,6,5.77.92.252
3837,18,5,109.115.27.169
3864,5,1,"151.26.207.140"
3341,8,2,5.90.207.93
3809,34,8,151.28.175.75
3362,5,1,79.30.206.133
1555,5,1,80.183.14.59
2118,5,1,"5.88.91.170"
3251,13,3,5.90.67.58
3877,5,1,"79.25.177.140"
3144,17,5,93.42.46.87
3551,4,1,91.252.170.98
2686,11,5,109.118.91.137
2989,5,1,5.86.21.181
3401,7,2,93.34.80.68
3114,18,4,80.180.110.168
3847,12,3,176.200.119.136
2422,4,1,93.36.185.161
3893,43,10,5.90.108.85
2865,12,3,"79.31.75.80"
2570,5,1,2.34.167.88
3898,10,4,151.21.51.134
3897,36,8,93.33.79.207
1519,14,3,93.34.144.7
3654,39,8,151.56.49.38
3126,14,4,146.241.198.164
3902,2,1,79.25.11.173
3894,8,2,93.56.170.153
1790,6,2,"5.90.87.240"
3914,4,1,79.16.233.29
3911,11,3,78.134.60.7
3913,15,3,87.16.42.116
3974,15,3,"93.39.136.160"
3918,21,5,94.37.169.46
3892,83,21,"3.126.25.160"
3434,10,2,37.117.49.23
3922,75,16,94.39.250.139
3842,37,9,49.236.51.122
1701,5,1,93.40.215.161
3917,5,1,88.147.56.89
3926,21,5,151.32.137.79
3930,8,2,151.62.56.92
2073,5,1,93.32.70.47
3931,5,1,178.19.155.174
3907,13,3,151.96.3.242
3845,14,3,82.63.125.84
3935,10,2,151.48.96.43
3936,8,2,82.53.207.15
3934,30,8,85.7.194.186
3937,60,16,"3.126.25.160"
3437,51,15,151.84.213.182
2916,7,2,176.32.16.96
1737,3,1,151.66.47.156
3903,14,4,93.33.68.236
3938,20,5,35.180.173.232
3408,27,6,80.180.110.168
3942,5,1,82.84.154.8
3055,5,1,79.22.242.227
3939,5,1,91.253.139.194
3947,33,7,151.36.199.3
3950,13,4,37.163.28.128
3921,10,2,146.241.229.134
3432,3,1,5.90.0.4
3951,10,3,5.170.73.118
3923,19,4,2.36.103.15
3956,5,1,78.12.108.78
3933,5,1,87.1.19.75
3727,20,5,176.199.209.154
3797,50,13,"193.207.165.40"
3955,14,4,5.90.202.136
3941,5,1,5.90.207.29
3799,4,1,93.34.125.111
3963,15,3,146.241.226.17
3932,5,1,159.213.39.15
3968,45,11,162.158.129.136
2777,5,1,151.55.232.125
3790,5,1,5.90.55.77
1576,51,12,109.104.242.217
3725,32,8,37.159.81.45
1548,1,1,93.34.80.88
3980,10,2,"146.241.199.220"
3981,4,1,178.197.231.28
1549,5,1,95.248.94.172
3982,5,1,79.16.82.151
3065,7,2,146.241.213.124
3061,5,1,62.18.255.8
2959,21,5,"151.44.68.20"
2707,10,2,5.90.192.157
3945,8,2,156.67.23.52
3984,184,49,172.71.114.168
3983,20,4,5.90.229.147
3124,3,1,"91.253.48.70"
3987,28,7,188.152.147.254
3988,39,12,5.90.15.105
3920,12,3,101.56.194.189
2190,5,1,"62.10.114.30"
3989,58,17,"3.126.25.160"
3990,54,12,93.47.26.19
3993,9,2,"5.168.2.100"
3994,12,4,93.41.3.208
4000,15,4,2.42.65.199
4006,39,9,188.114.103.229
2001,5,1,95.226.161.28
4003,5,1,195.75.72.179
4013,5,1,47.53.17.155
4012,9,2,79.25.109.247
4014,15,3,178.211.92.124
4015,10,2,5.89.101.218
3960,5,1,146.241.129.6
3906,45,11,151.71.223.167
4035,5,1,146.241.129.6
4042,11,3,176.200.131.244
4048,5,1,202.176.114.236
4041,4,1,62.19.103.72
4058,15,5,125.209.235.175
4047,19,6,125.209.235.167
4050,20,6,5.171.105.114
2735,10,3,82.61.201.67
4017,24,6,93.34.82.145
3360,8,2,158.148.64.194
3695,22,6,93.41.97.22
4067,10,2,5.91.165.34
4068,27,6,"3.126.25.160"
1850,125,32,95.236.184.206
3966,49,14,83.103.8.161
4075,40,11,151.44.30.153
4076,81,19,37.159.24.125
3753,9,2,91.253.66.67
4080,27,6,5.90.217.141
4054,64,16,2.199.161.242
4083,7,2,151.18.6.102
3396,5,1,80.204.158.99
3891,5,1,188.153.158.192
3972,4,1,93.32.182.114
4287,7,2,"87.15.243.180"
4070,26,7,93.67.105.162
3978,8,2,"176.200.136.10"
4096,14,5,146.241.215.195
4308,4,1,109.115.102.228
1908,12,3,"3.125.156.40"
2927,7,2,93.45.65.76
3944,11,3,"15.188.54.10"
4099,4,1,151.30.16.35
4101,107,30,"3.126.25.160"
3889,5,1,146.241.246.208
3484,12,3,81.174.40.223
4086,25,6,18.157.105.182
4122,5,1,62.18.253.106
4132,17,5,93.148.94.122
4138,18,5,162.158.129.151
4109,34,10,93.34.225.156
4140,5,1,193.85.160.138
3874,3,1,77.228.102.112
4100,145,40,"87.6.57.230"
4135,14,3,151.18.218.252
2670,34,9,151.46.75.199
4150,9,2,151.36.0.243
4152,42,12,"93.35.242.250"
4059,5,1,193.206.50.23
4153,3,1,95.244.117.207
4279,16,5,3.126.120.107
1885,10,2,90.167.219.128
3996,23,5,78.13.150.214
4163,9,2,151.18.194.104
4160,5,1,87.14.187.109
3816,10,2,188.152.67.71
4159,15,3,"151.43.133.30"
4165,34,9,82.56.43.144
4111,10,3,95.237.158.119
4149,26,6,87.9.200.138
4180,35,8,79.21.20.216
4168,21,6,79.30.159.77
4175,3,1,93.36.216.247
4167,15,4,93.34.222.133
4117,5,1,109.41.2.3
4171,7,2,"3.124.189.10"
3693,25,7,79.35.191.28
3927,12,3,"3.126.25.160"
4174,49,13,151.82.211.116
3682,5,1,93.44.107.254
4123,78,20,172.71.114.136
4187,33,8,18.157.131.187
4155,6,2,146.241.201.13
4190,87,23,109.118.66.217
4195,247,66,18.157.131.187
4192,9,2,5.169.48.161
3650,25,6,"5.169.190.150"
4202,6,2,5.168.157.47
4196,21,5,15.188.146.135
4073,72,19,"172.68.198.170"
4193,22,5,93.56.167.4
4208,45,10,93.34.80.132
2782,3,1,151.68.96.26
4091,49,11,93.32.64.3
4205,28,6,82.61.201.67
2105,5,1,105.190.204.228
4215,27,6,80.180.68.212
4129,5,1,"146.241.212.110"
4211,27,6,93.66.125.185
4213,8,2,5.90.193.149
2300,5,1,87.5.166.143
4469,10,2,15.188.246.172
4199,15,3,79.40.239.248
4221,41,9,87.9.74.102
4223,70,21,5.90.76.51
3154,4,1,91.253.68.121
3448,5,1,37.159.91.12
3979,85,25,213.26.236.177
4228,13,3,79.54.153.192
3026,13,3,151.67.131.135
4232,10,2,5.170.81.193
3060,38,10,5.180.238.122
4069,10,3,"3.126.25.160"
3854,9,4,35.180.61.25
4226,1,1,146.241.32.7
4227,41,11,93.34.226.115
4225,13,3,80.180.110.102
4235,20,4,5.90.18.203
4128,10,2,188.216.114.12
4234,45,13,93.66.67.39
3046,1,1,79.56.39.7
4222,36,10,172.71.134.46
4238,5,1,62.18.252.137
4237,10,3,2.34.249.179
3059,5,1,2.35.0.2
4033,22,5,35.180.117.158
3387,10,3,87.4.192.189
4127,54,14,5.91.7.126
4264,73,20,18.157.105.182
4244,36,9,5.77.111.181
2202,4,1,92.184.112.237
4245,5,1,2.36.42.211
4204,7,2,5.102.18.66
4103,5,1,"107.77.200.190"
3959,5,1,93.70.49.121
2951,7,4,5.11.104.34
4250,19,4,93.67.61.119
4224,16,4,151.51.239.188
2917,14,4,"89.119.251.40"
3208,8,2,151.19.106.84
4189,37,9,80.182.20.47
3181,3,1,37.160.45.118
3077,11,3,18.184.68.254
2582,1,1,87.14.142.57
2272,9,2,37.159.84.146
4088,14,3,95.249.25.141
4253,11,3,80.180.110.102
4265,9,2,82.60.158.117
4414,7,2,5.171.68.174
4267,15,4,5.90.64.62
4181,5,1,47.201.57.221
4254,29,7,18.157.131.187
3028,5,1,37.160.1.103
4268,20,4,151.44.179.52
4186,4,1,83.175.110.224
4256,4,1,109.205.107.222
3255,57,16,37.159.26.94
3949,31,9,5.91.82.107
4206,8,2,146.241.185.134
2266,5,2,93.70.102.84
3481,5,1,93.42.47.178
4271,42,11,95.251.95.189
3135,118,35,18.157.131.187
2059,9,2,94.163.2.3
4282,10,2,176.206.7.3
1907,18,4,151.68.4.27
3470,14,4,"94.36.159.160"
4277,26,7,5.168.164.184
2894,8,2,79.132.14.86
1791,6,2,37.161.230.69
2555,15,3,5.168.11.163
4255,29,7,81.245.180.244
4275,5,1,"151.27.92.160"
4288,7,3,95.74.211.235
3998,23,7,176.200.162.84
4313,68,18,37.161.128.63
2716,7,2,178.197.232.246
3600,2,2,62.11.1.241
4032,44,13,"3.126.25.160"
4292,27,6,18.157.105.182
4087,11,3,87.7.104.199
1893,13,3,"146.241.190.10"
4066,53,13,151.95.88.75
4273,23,6,151.37.17.202
4283,5,1,93.108.174.48
4217,10,2,188.219.187.34
4296,71,16,"151.57.58.40"
4293,43,12,193.207.219.1
2065,5,1,79.24.193.163
4182,19,4,109.75.114.89
1746,1,1,79.24.9.238
4257,12,3,79.132.14.86
4262,5,1,93.147.22.174
4147,5,1,62.18.249.127
4297,37,10,18.157.105.182
1848,5,1,46.141.16.75
4301,107,33,"193.207.145.70"
4303,44,10,151.19.50.216
4302,56,14,"3.126.25.160"
4243,13,4,18.157.131.187
3789,20,5,93.55.94.146
4310,10,3,79.17.57.186
3777,4,1,2.42.236.8
2012,9,2,"80.180.138.250"
4312,5,1,146.241.148.149
4322,25,5,89.42.0.31
4311,15,4,95.244.179.154
3971,5,1,93.88.101.242
4321,9,2,5.90.223.201
3805,49,14,2.36.103.82
2756,5,2,151.65.111.171
4281,5,1,95.252.17.223
4326,19,4,80.116.97.62
3296,7,2,2.44.99.63
4295,8,3,79.54.75.26
4328,4,1,151.35.126.83
4229,22,6,"15.236.166.30"
4324,23,6,31.171.140.45
3249,5,1,91.253.80.178
4333,74,19,172.71.114.136
3483,6,2,5.171.50.73
4269,21,5,87.8.207.174
4148,58,13,213.45.113.223
4139,8,2,88.214.44.107
4157,5,1,89.96.206.4
4305,5,1,151.43.101.123
4335,15,4,151.19.39.242
3423,5,1,79.10.190.238
4325,42,10,151.68.11.159
4203,33,8,93.36.117.14
1870,12,3,5.91.25.222
3108,14,3,87.14.253.191
3333,5,1,151.65.197.91
4332,10,2,213.209.216.198
4334,31,7,93.34.81.181
3975,17,5,80.182.23.191
4309,15,4,5.89.196.142
3865,49,14,18.157.105.182
4336,14,4,151.46.5.148
2737,5,1,46.30.247.52
4045,5,1,176.200.233.111
4355,10,2,77.18.58.177
4360,13,3,79.12.42.222
3219,5,1,37.160.247.128
3390,8,2,84.33.103.65
4365,21,5,87.97.254.251
1892,15,3,37.160.152.209
4357,5,1,77.77.47.66
4320,19,5,93.33.74.224
4359,19,4,151.38.24.121
1564,3,1,87.0.208.42
4318,5,1,87.97.254.251
4374,8,2,80.79.56.49
3433,16,4,37.160.24.42
4062,5,1,151.38.234.13
3764,5,1,213.203.155.211
4137,16,4,212.91.72.107
4285,40,11,5.90.116.209
4316,13,3,109.37.138.182
4378,35,9,95.202.162.185
4362,64,16,18.157.105.182
1573,15,3,37.159.97.74
2530,3,1,62.19.44.52
1805,28,8,18.157.105.182
4350,25,6,3.120.249.249
4183,5,2,79.31.68.28
1814,7,2,151.18.192.24
4353,10,2,"78.45.90.230"
4386,24,5,35.180.191.38
4380,14,3,156.54.238.93
4341,5,1,146.241.135.168
4198,45,11,162.158.129.166
4319,19,5,93.55.62.179
1878,15,4,37.163.10.33
2222,4,1,79.12.247.17
3655,1,1,62.19.147.164
4368,4,1,151.45.85.217
3315,44,12,37.162.169.212
4364,21,5,93.43.182.13
4396,10,2,37.162.255.242
4385,11,3,146.241.197.19
1846,8,2,95.247.159.186
4389,16,4,101.56.155.99
4329,11,3,5.169.191.209
4346,25,7,"5.91.105.120"
4178,5,1,79.118.131.3
4177,10,2,93.36.163.187
4166,11,3,"85.37.200.210"
4136,11,3,213.174.164.11
3969,5,1,79.118.131.3
4337,44,14,5.169.95.242
4397,20,4,185.168.99.114
4090,9,2,151.36.68.61
4403,5,1,78.12.81.5
4410,5,1,82.76.27.188
4242,5,1,"195.137.227.20"
4418,5,1,89.64.52.82
4419,5,1,79.59.111.118
4056,10,2,35.180.66.128
4425,5,1,37.163.236.6
4249,16,5,"18.140.184.0"
4424,17,4,82.145.223.138
4434,22,5,"37.162.14.70"
4422,10,2,54.93.97.86
4435,6,2,52.29.160.95
4426,52,11,162.158.23.77
4291,17,4,83.179.92.227
4437,10,2,95.249.171.239
4436,25,5,80.180.110.102
4447,5,1,18.184.115.23
4200,10,2,79.30.21.141
4446,19,4,193.207.214.8
4382,10,3,176.200.58.105
4445,5,1,15.188.76.153
4450,7,2,35.180.250.251
2208,3,1,54.206.55.14
4444,40,11,5.90.174.16
4172,17,6,151.82.218.39
4465,3,1,18.197.201.57
4352,13,3,93.54.99.177
4420,6,2,5.168.40.162
2870,8,3,37.160.19.55
4453,51,15,37.163.50.75
4474,5,1,"18.197.168.50"
4478,5,1,"3.126.254.200"
4471,16,4,82.58.232.237
4051,24,5,93.41.34.44
4487,11,3,35.180.28.22
4489,63,17,79.30.218.237
4479,23,7,"3.126.25.160"
4388,6,2,99.79.70.51
4491,54,11,"3.126.25.160"
4499,5,1,18.185.23.191
4475,21,5,15.188.76.135
4485,25,7,151.44.51.31
4492,98,24,172.71.114.105
4214,11,3,86.162.119.47
4501,47,11,37.29.40.108
4502,20,5,5.90.44.239
4505,25,5,93.34.80.132
4508,16,5,35.180.48.123
4509,21,6,"37.162.55.170"
4197,9,3,18.185.239.109
4461,6,2,95.233.183.34
4400,10,2,79.42.221.137
4519,10,3,5.90.36.1
4009,12,3,93.51.119.146
4510,23,5,95.237.254.94
4112,2,1,35.181.60.148
4560,101,25,82.52.144.2
4553,8,2,93.41.33.122
4537,37,8,5.90.44.128
1883,9,2,2.34.79.108
4158,8,2,151.82.169.226
4543,10,3,2.237.244.251
4534,31,9,212.14.142.211
4497,47,10,18.157.105.182
3040,5,1,151.68.173.244
4609,5,1,93.34.134.219
4558,26,7,151.84.129.205
4516,34,9,89.97.63.131
4524,132,32,"15.236.166.30"
1527,13,3,95.246.42.221
4323,5,1,191.7.179.224
4561,62,14,18.157.105.182
4535,60,17,109.118.122.233
3466,1,1,"91.80.15.200"
4130,4,1,37.163.60.11
4555,21,6,176.201.194.4
3910,1,1,84.33.175.232
4363,85,21,18.157.131.187
3205,15,3,101.56.223.47
3844,4,1,"79.40.35.50"
4565,5,1,62.19.147.172
4548,2,1,95.238.43.161
4427,17,5,151.18.121.214
1860,9,3,88.147.72.95
4556,14,3,82.48.56.252
4154,9,2,87.27.201.34
1529,4,1,151.36.215.88
3179,10,2,37.162.195.26
4529,5,1,94.36.122.235
4258,51,16,172.71.134.28
1875,4,1,194.32.173.6
3958,9,2,5.91.10.221
4079,4,1,37.160.93.235
3211,5,1,"151.34.148.240"
4569,20,5,151.34.208.229
3190,5,1,176.200.56.27
4294,17,4,79.37.89.34
4404,9,4,18.157.131.187
1538,5,1,79.25.104.114
3673,7,2,146.241.194.92
3518,5,1,151.47.186.229
4339,4,1,93.56.172.99
2052,3,1,109.52.230.11
4523,23,8,87.17.57.128
1894,5,1,188.14.78.201
2724,5,1,151.62.39.129
1531,5,1,151.68.188.91
3562,4,1,"2.42.21.90"
4566,29,7,46.141.76.85
4241,17,4,151.20.224.237
4567,103,25,88.62.32.68
4570,25,7,5.90.139.92
2656,5,1,82.58.254.136
4550,25,8,193.207.211.187
3001,5,1,"37.159.18.90"
4517,29,8,172.71.114.136
4429,5,1,93.148.96.137
2739,5,1,151.47.203.92
4401,10,2,95.232.176.222
4563,1,1,88.149.228.227
3851,5,1,151.60.250.184
4584,46,15,18.157.105.182
2607,5,1,151.34.176.209
3459,6,2,79.27.50.81
4601,5,1,52.39.29.51
1853,4,1,212.216.160.51
4557,5,1,79.59.111.118
4576,5,1,"82.143.39.160"
4022,7,2,18.157.131.187
1748,5,1,77.32.35.219
3943,5,1,37.162.202.34
5267,20,4,93.34.83.233
3965,5,1,91.80.24.245
3328,5,1,62.19.227.173
4383,5,1,37.77.126.45
1533,5,1,80.249.37.217
3414,5,1,77.32.51.155
3601,4,1,5.90.20.175
4060,53,15,18.157.105.182
5287,30,7,18.157.131.187
4574,17,5,93.40.241.135
4578,13,4,188.114.103.213
4583,14,4,162.158.129.136
3644,7,2,151.36.136.224
4592,18,4,"188.216.67.140"
4581,114,33,18.157.105.182
4585,42,13,"3.126.25.160"
3766,9,4,79.12.88.135
3167,5,1,5.90.205.153
4582,16,5,93.144.15.32
4595,15,3,82.61.201.67
3531,4,1,87.7.82.192
4593,10,3,37.162.161.165
4594,17,4,188.114.103.227
4133,10,2,37.116.97.125
3672,5,1,151.68.204.138
4602,14,3,151.55.169.176
4599,8,2,93.65.241.157
4538,11,3,146.241.144.76
4591,22,6,151.47.26.119
4156,4,1,217.27.82.9
4606,21,5,87.3.77.17
4600,5,1,79.40.239.248
2788,3,1,"79.53.55.220"
4607,13,4,172.70.250.196
4612,44,11,18.157.131.187
4533,11,3,"146.241.155.240"
4615,8,2,151.38.113.127
4614,75,20,5.90.70.26
4496,4,1,151.42.167.146
4617,10,3,87.15.236.78
3370,222,50,37.162.191.11
4007,19,4,"80.180.138.250"
3311,4,1,37.77.122.71
4627,10,3,79.16.68.106
1757,5,1,213.45.185.193
4620,67,17,188.218.159.154
4270,20,4,93.34.80.132
5458,5,1,146.241.194.92
4629,10,2,151.82.30.251
4280,8,2,107.77.236.55
2687,5,1,95.239.126.188
4618,11,3,151.49.130.65
4622,75,19,18.157.131.187
4460,25,6,79.16.245.25
3436,5,1,82.61.201.67
4525,5,1,82.61.201.67
4639,56,15,2.53.169.89
2267,1,1,87.1.120.147
4546,5,1,2.39.36.24
2078,5,1,"80.180.138.250"
2077,5,1,"80.180.138.250"
1866,5,1,93.70.83.222
4640,13,4,93.36.19.166
4284,10,2,80.180.110.102
4201,10,2,80.180.110.102
3901,5,1,80.180.110.102
4579,17,5,62.100.75.14
3480,15,4,151.82.67.24
4905,17,5,"37.159.33.200"
4941,34,10,"3.126.25.160"
4057,28,7,37.160.174.51
4390,2,2,20.46.108.116
1697,5,1,79.21.30.211
4428,10,2,141.101.96.9
4554,5,1,146.241.2.185
4449,15,5,"71.167.23.240"
1691,5,1,79.21.30.211
5004,10,2,"37.162.124.20"
4840,2,1,92.20.247.11
5174,5,1,2.39.36.24
3782,4,2,151.43.162.67
5173,23,6,93.41.32.23
5183,43,14,172.71.114.134
5176,5,1,5.170.245.44
4330,3,1,"92.107.97.250"
5189,6,2,40.94.36.81
3475,14,4,93.70.103.203
5188,62,18,"158.148.118.240"
5374,5,1,93.34.81.181
4604,3,1,151.21.228.205
3502,5,1,93.144.15.32
1840,5,1,37.160.140.198
5223,16,4,82.49.21.218
4864,11,3,2.36.94.147
5175,10,4,"3.126.25.160"
3478,18,4,87.15.89.233
4373,8,2,"93.70.67.160"
5226,8,2,2.198.146.92
5231,7,2,146.241.11.218
2295,4,1,84.33.74.41
5201,5,1,79.59.111.118
5219,17,4,18.157.105.182
3868,20,6,37.159.81.136
5236,14,5,82.48.7.135
4623,8,2,31.146.218.184
3765,5,2,151.18.86.198
5239,13,4,109.236.18.21
5238,22,7,87.19.73.54
4298,10,3,93.37.216.141
1530,5,1,80.117.106.1
4512,11,4,83.220.236.194
5240,58,16,87.11.135.61
4430,6,2,37.160.4.157
4452,3,1,5.95.181.101
4526,9,2,188.15.203.52
5252,4,1,151.36.35.92
3348,2,1,151.42.200.31
5242,14,3,2.34.23.115
5237,20,5,93.36.186.118
5264,19,4,79.43.195.199
5249,19,4,5.171.250.13
5187,5,1,"85.34.95.130"
5268,5,1,37.160.12.148
5270,4,1,82.63.50.187
5275,10,3,62.19.248.57
5271,15,4,176.200.164.93
5355,5,1,151.19.235.243
3170,3,1,5.90.45.228
5280,4,1,193.207.206.83
5286,6,2,87.0.255.195
5281,5,1,37.160.173.99
3964,5,1,62.211.159.53
5274,3,2,78.40.162.109
4406,1,1,79.35.187.226
4092,2,1,5.169.93.95
1864,4,1,"151.34.166.230"
4212,4,2,172.68.66.28
5298,12,3,5.171.203.119
3187,4,1,37.163.136.158
5291,13,3,37.162.207.61
5302,34,7,87.4.182.217
4540,9,2,162.158.129.151
4098,1,1,217.61.164.13
4290,4,1,174.202.129.14
5054,10,2,151.47.23.184
5301,13,3,176.200.174.56
1559,4,1,37.163.140.228
5305,4,1,93.38.181.122
5306,6,2,93.34.81.181
3014,3,1,94.35.41.115
5227,2,1,"87.6.57.40"
5310,11,3,87.17.69.186
5316,46,11,18.157.131.187
5243,5,1,98.229.128.208
5329,11,5,146.241.179.251
5317,2,2,93.66.65.37
5319,4,1,151.34.46.129
5314,16,5,172.71.114.104
5320,18,4,"162.158.129.150"
5322,14,4,18.157.105.182
4588,5,1,51.148.128.236
5321,64,19,162.158.129.136
2740,3,1,93.33.104.247
2812,6,2,31.156.41.196
5325,10,2,151.34.101.217
4760,3,1,37.160.48.161
5427,15,3,"3.126.25.160"
5336,5,1,"151.38.157.130"
5341,9,2,"151.47.167.160"
5339,4,1,157.138.118.157
3986,4,1,93.33.15.211
5340,4,1,92.107.153.183
5346,5,1,2.36.100.149
4495,3,1,80.214.215.48
1867,3,1,109.118.125.239
3231,1,1,95.250.215.252
3722,2,1,109.53.17.124
5350,7,2,45.87.186.77
5353,4,1,151.65.235.188
5354,12,3,146.241.191.213
5359,5,1,89.249.65.84
5362,6,2,"178.122.117.50"
4480,5,1,79.30.85.117
5375,5,1,93.34.115.16
5254,1,1,109.116.148.144
5373,5,1,93.34.81.181
3718,7,3,146.241.190.45
3970,5,1,93.34.81.181
4438,3,1,82.147.162.94
5383,10,2,"87.4.78.60"
5385,10,2,2.36.106.45
1946,1,1,"5.90.95.50"
5386,5,1,93.34.83.233
5334,8,2,79.3.216.146
4536,5,1,93.34.83.233
5292,7,2,18.157.105.182
5381,5,1,93.34.83.233
5297,5,1,93.34.83.233
1547,4,1,151.82.126.115
5378,7,2,"193.207.225.90"
5392,10,2,91.141.38.15
4036,5,1,93.34.82.145
5400,9,2,109.208.167.147
4027,5,1,77.22.254.38
5402,10,2,151.68.162.197
4568,5,1,93.38.67.21
5404,5,1,151.37.224.68
5401,17,4,146.241.223.204
4384,11,3,5.22.152.237
5405,5,1,93.34.80.132
5406,31,9,18.157.131.187
5410,7,2,"87.21.191.90"
5409,10,2,31.207.98.34
4110,5,1,80.152.152.225
5037,10,2,18.157.131.187
5398,5,1,93.34.80.132
5408,2,1,188.217.49.5
4398,4,1,91.141.38.15
5370,15,3,80.104.1.59
5416,18,4,159.255.157.138
5414,5,1,93.34.80.132
5419,5,1,93.34.80.132
5417,20,4,195.206.5.51
5407,5,1,93.34.80.132
5420,10,2,146.241.186.179
5413,2,1,"95.236.114.240"
5423,6,2,146.241.179.251
5415,10,2,93.34.80.132
5425,15,3,151.36.50.142
5424,5,1,2.36.103.226
5426,10,2,93.34.80.132
5428,6,2,5.90.70.232
5432,5,1,93.34.80.132
5435,5,1,93.34.80.132
4021,1,1,93.33.58.177
5441,10,2,146.241.220.52
5434,14,3,18.157.131.187
5437,5,1,146.241.150.122
4488,2,1,62.18.32.13
5429,5,1,188.216.215.83
4559,5,1,"193.207.204.250"
4506,5,1,2.37.90.54
5439,10,2,"77.119.194.150"
5443,5,1,93.34.80.132
5440,10,2,172.71.114.136
5233,5,1,58.184.115.94
3321,2,1,5.90.201.66
5444,5,1,146.241.179.251
5438,8,2,37.159.80.226
5449,5,1,37.160.116.121
5312,5,1,95.233.176.188
1551,3,1,"93.161.187.250"
4514,4,2,"3.126.25.160"
5445,9,2,151.38.152.237
2646,4,1,79.16.203.189
4421,5,1,5.169.2.252
5282,6,2,146.241.198.164
5369,5,2,172.71.114.169
4210,5,1,37.161.182.5
5456,5,1,5.90.109.89
5455,7,2,"151.53.249.100"
5165,8,2,2.226.177.13
4121,5,1,93.233.37.253
5253,5,1,24.2.67.165
4300,5,1,50.222.117.106
4442,13,3,"15.236.166.30"
5467,5,1,151.18.188.32
5469,15,3,80.183.46.75
5471,10,2,93.34.80.132
4354,3,1,93.32.52.124
5463,5,1,93.34.80.208
3873,5,1,62.19.69.148
5442,10,2,18.157.131.187
5476,5,1,93.34.80.208
5364,4,1,172.71.114.169
5480,15,5,18.157.131.187
5482,5,1,"162.158.129.150"
5040,5,1,141.101.97.51
3962,4,1,162.158.129.136
5484,8,2,172.71.114.134
5304,1,1,188.114.103.211
4530,4,1,162.158.129.136
5486,25,5,18.157.131.187
5487,10,2,18.157.131.187
5485,4,1,"3.126.25.160"
3863,4,1,"3.126.25.160"
2589,7,2,18.157.131.187
5488,5,1,18.157.131.187
5294,8,2,"15.236.166.30"
5397,4,2,"3.126.25.160"
2011,5,1,"3.126.25.160"
1517,4,1,18.157.131.187
5493,5,1,18.157.105.182
2749,2,1,18.157.105.182
1542,6,2,15.236.165.82
5497,10,2,"15.236.166.30"
5490,5,1,"3.126.25.160"
5496,5,1,"15.236.166.30"
5495,10,2,"15.236.166.30"
5499,5,1,18.157.131.187
5169,13,3,18.157.131.187
